{
  "repo_url": "bariamanoj/NewAppSample",
  "app_name": "ManzTestApp2025", 
  "bundle_identifier": "com.san.mainAp",
  "contact_first_name": "SANKETKUMAR",
  "contact_last_name": "DOHRA",
  "contact_phone": "+91 9265171259",
  "contact_email": "dohrasanket@gmail.com",
  "app_description": "This ManzzPlusApp app is just simple, sample demo app where you can get lots of details and guide and tips, This app spedically design for you, so why are you waiting just download and enjoy it.",
  "marketing_url": "https://dohrasanket.pages.dev/",
  "privacy_policy_url": "https://dohrasanket.pages.dev/PrivacyPolicy",
  "support_url": "https://dohrasanket.pages.dev/support"
}
